{"has_child":1,"home_url":"http:\/\/localhost\/wordpress_sites","root_flag":"custom","php_version":"8.2.12","mysql_version":"10.4.32","wp_version":"6.6.1","child_file":{"localhost_wordpress_sites_wpvivid-66c2f6b704275_2024-08-19-07-39_backup_db.zip":{"files":["localhost_wordpress_sites_wpvivid-66c2f6b704275_2024-08-19-07-39_backup_db.sql"],"tables":[{"name":"wp_links","size":32768,"rows":"0"},{"name":"wp_term_relationships","size":32768,"rows":"6"},{"name":"wp_commentmeta","size":49152,"rows":"0"},{"name":"wp_term_taxonomy","size":49152,"rows":"0"},{"name":"wp_termmeta","size":49152,"rows":"0"},{"name":"wp_terms","size":49152,"rows":"0"},{"name":"wp_usermeta","size":49152,"rows":"18"},{"name":"wp_users","size":65536,"rows":"0"},{"name":"wp_comments","size":98304,"rows":"0"},{"name":"wp_postmeta","size":98304,"rows":"129"},{"name":"wp_posts","size":114688,"rows":"60"},{"name":"wp_options","size":131072,"rows":"159"}],"dump_db":1,"file_type":"databases","home_url":"http:\/\/localhost\/wordpress_sites","root_flag":"custom","php_version":"8.2.12","mysql_version":"10.4.32","wp_version":"6.6.1","find_zero_date":1,"file":"localhost_wordpress_sites_wpvivid-66c2f6b704275_2024-08-19-07-39_backup_db.part001.zip"},"localhost_wordpress_sites_wpvivid-66c2f6b704275_2024-08-19-07-39_backup_themes.zip":{"file_type":"themes","root_flag":"wp-content","php_version":"8.2.12","mysql_version":"10.4.32","wp_version":"6.6.1","themes":{"starter-theme":{"slug":"starter-theme"},"twentytwentyfour":{"slug":"twentytwentyfour"},"twentytwentythree":{"slug":"twentytwentythree"},"twentytwentytwo":{"slug":"twentytwentytwo"}},"file":"localhost_wordpress_sites_wpvivid-66c2f6b704275_2024-08-19-07-39_backup_themes.part001.zip"},"localhost_wordpress_sites_wpvivid-66c2f6b704275_2024-08-19-07-39_backup_plugin.zip":{"file_type":"plugin","root_flag":"wp-content","php_version":"8.2.12","mysql_version":"10.4.32","wp_version":"6.6.1","plugin":{"akismet":{"slug":"akismet"}},"file":"localhost_wordpress_sites_wpvivid-66c2f6b704275_2024-08-19-07-39_backup_plugin.part001.zip"},"localhost_wordpress_sites_wpvivid-66c2f6b704275_2024-08-19-07-39_backup_uploads.zip":{"file_type":"upload","root_flag":"wp-content","php_version":"8.2.12","mysql_version":"10.4.32","wp_version":"6.6.1","file":"localhost_wordpress_sites_wpvivid-66c2f6b704275_2024-08-19-07-39_backup_uploads.part001.zip"},"localhost_wordpress_sites_wpvivid-66c2f6b704275_2024-08-19-07-39_backup_content.zip":{"file_type":"wp-content","root_flag":"wp-content","php_version":"8.2.12","mysql_version":"10.4.32","wp_version":"6.6.1","file":"localhost_wordpress_sites_wpvivid-66c2f6b704275_2024-08-19-07-39_backup_content.part001.zip"},"localhost_wordpress_sites_wpvivid-66c2f6b704275_2024-08-19-07-39_backup_core.zip":{"file_type":"wp-core","include_path":["wp-includes","wp-admin"],"wp_core":1,"root_flag":"root","home_url":"http:\/\/localhost\/wordpress_sites","file":"localhost_wordpress_sites_wpvivid-66c2f6b704275_2024-08-19-07-39_backup_core.part001.zip"}},"file":"localhost_wordpress_sites_wpvivid-66c2f6b704275_2024-08-19-07-39_backup_all.part001.zip"}